username,userEmail,userPassword
newuser1,newuser1@example.com,passone
newuser2,newuser2@example.com,passtwo
newuser3,newuser3@example.com,passthree
newuser4,newuser4@example.com,passfour
newuser5,newuser5@example.com,passfive
newuser6,newuser6@example.com,passsix
newuser7,newuser7@example.com,passseven
newuser8,newuser8@example.com,pass8
newuser9,newuser9@example.com,pass9
newuser10,newuser10@example.com,pass10
newuser11,newuser11@example.com,pass11
newuser12,newuser12@example.com,pass12
newuser13,newuser13@example.com,pass13
newuser14,newuser14@example.com,pass14
newuser15,newuser15@example.com,pass15
newuser16,newuser16@example.com,pass16
newuser17,newuser17@example.com,pass17
newuser18,newuser18@example.com,pass18
newuser19,newuser19@example.com,pass19
newuser20,newuser20@example.com,pass20
newuser21,newuser21@example.com,pass21
newuser22,newuser22@example.com,pass22
newuser23,newuser23@example.com,pass23
newuser24,newuser24@example.com,pass24
newuser25,newuser25@example.com,pass25
newuser26,newuser26@example.com,pass26
newuser27,newuser27@example.com,pass27
newuser28,newuser28@example.com,pass28
newuser29,newuser29@example.com,pass29
newuser30,newuser30@example.com,pass30
